﻿[
    {
        "name": "Австралия",
        "code": "",
        "background": "img/countries/avstraliya.jpg",
        "content": [
            [
                "3 или 6 месяцев",
                "Туризм, однократная",
                "до 4 недель",
                "11700",
                "Включая все сборы, без личного присутствия"
            ],
            [
                "Не больше 72 часов",
                "Транзитная",
                "до 2 недель",
                "3000",
                "Включая все сборы, без личного присутствия"
            ]
        ],
        "id": 0
    },
    {
        "name": "Австрия",
        "code": "avstriya",
        "background": "img/countries/avstriya.jpg",
        "content": [
            [
                "Любой",
                "Любая",
                "8-10 рабочих дней",
                "2000",
                "Подготовка комплекта документов для самостоятельной подачи, без учета консульского и иных сборов"
            ]
        ],
        "id": 1
    },
    {
        "name": "Бельгия",
        "code": "",
        "background": "img/countries/belgiya.jpg",
        "content": [
            [
                "Любой",
                "Любая",
                "до 4 недель",
                "2000",
                "Подготовка комплекта документов для самостоятельной подачи, без учета консульского и иных сборов"
            ]
        ],
        "id": 2
    },
    {
        "name": "Болгария",
        "code": "",
        "background": "img/countries/bolgariya.jpg",
        "content": [
            [
                "По датам поездки",
                "Туристическая, однократная",
                "8-10 рабочих дней",
                "6200",
                "Включая все сборы, без личного присутствия"
            ],
            [
                "До полугода",
                "Мультивиза",
                "8-10 рабочих дней",
                "6200",
                "Включая все сборы, без личного присутствия, при наличии одной болгарской визы или недвижимости"
            ]
        ],
        "id": 3
    },
    {
        "name": "Великобритания",
        "code": "england",
        "background": "img/countries/velicobritanija.jpg",
        "content": [
            [
                "До 6 месяцев",
                "Туристическая",
                "До 21 рабочего дня",
                "16000",
                "С личной подачей по записи, включая консульский сбор 136$, доставку паспорта обратно курьером и переводы"
            ],
            [
                "До 10 лет",
                "Мультивиза",
                "До 21 рабочего дня",
                "25000",
                "С личной подачей по записи, включая консульский сбор 272$, доставку паспорта обратно курьером и переводы"
            ]
        ],
        "id": 4
    },
    {
        "name": "Венгрия",
        "code": "",
        "background": "img/countries/vengriya.jpg",
        "content": [
            [
                "Любой",
                "Любая",
                "8-10 рабочих дней",
                "2000",
                "Подготовка комплекта документов для самостоятельной подачи, без учета консульского и иных сборов"
            ]
        ],
        "id": 5
    },
    {
        "name": "Вьетнам",
        "code": "",
        "background": "img/countries/vietnam.jpg",
        "content": [
            [
                "1 месяц",
                "Однократная туристическая",
                "7 рабочих дней",
                "10600",
                "Включая все сборы, без личного присутствия"
            ],
            [
                "1 месяц",
                "Однократная туристическая",
                "4 рабочих дня",
                "11600",
                "Включая все сборы, без личного присутствия"
            ],
            [
                "3 месяца",
                "Однократная туристическая",
                "7 рабочих дней",
                "14300",
                "Включая все сборы, без личного присутствия"
            ],
            [
                "3 месяца",
                "Однократная туристическая",
                "4 рабочих дня",
                "15300",
                "Включая все сборы, без личного присутствия"
            ]
        ],
        "id": 6
    },
    {
        "name": "Германия",
        "code": "germany",
        "background": "img/countries/germaniya.jpg",
        "content": [
            [
                "Любой",
                "Любая",
                "8-10 рабочих дней",
                "2000",
                "Подготовка комплекта документов для самостоятельной подачи, без учета консульского и иных сборов"
            ]
        ],
        "id": 7
    },
    {
        "name": "Греция",
        "code": "greciya",
        "background": "img/countries/greciya.jpg",
        "content": [
            [
                "Любой",
                "Любая",
                "8-10 рабочих дней",
                "2000",
                "Подготовка комплекта документов для самостоятельной подачи, без учета консульского и иных сборов"
            ]
        ],
        "id": 8
    },
    {
        "name": "Дания",
        "code": "",
        "background": "img/countries/dania.jpg",
        "content": [
            [
                "Любой",
                "Любая",
                "8-10 рабочих дней",
                "2000",
                "Подготовка комплекта документов для самостоятельной подачи, без учета консульского и иных сборов"
            ]
        ],
        "id": 9
    },
    {
        "name": "Индия",
        "code": "indiya",
        "background": "img/countries/indiya.jpg",
        "content": [
            [
                "До 30 дней",
                "Электронная",
                "5 рабочих дней",
                "5800",
                "Электронная виза, включая все сборы, без личного присутствия"
            ],
            [
                "3 месяца 90/90",
                "Однократная",
                "5-10 рабочих дней",
                "10700",
                "Включая все сборы, без личного присутствия"
            ],
            [
                "6 месяцев 90/180",
                "Двухкратная",
                "5-10 рабочих дней",
                "13300",
                "Включая все сборы, без личного присутствия"
            ]
        ],
        "id": 10
    },
    {
        "name": "Ирландия",
        "code": "",
        "background": "img/countries/irlandiya.jpg",
        "content": [
            [
                "По датам поездки",
                "Однократная, туризм",
                "10 рабочих дней",
                "9400",
                "Включая все сборы, без личного присутствия"
            ],
            [
                "До 3 месяцев",
                "Мультивиза",
                "10 рабочих дней",
                "13700",
                "Включая все сборы, без личного присутствия"
            ]
        ],
        "id": 11
    },
    {
        "name": "Исландия",
        "code": "",
        "background": "img/countries/islandiya.jpg",
        "content": [
            [
                "Любой",
                "Любая",
                "8-10 рабочих дней",
                "2000",
                "Подготовка комплекта документов для самостоятельной подачи, без учета консульского и иных сборов"
            ]
        ],
        "id": 12
    },
    {
        "name": "Испания",
        "code": "spain",
        "background": "img/countries/ispaniya.jpg",
        "content": [
            [
                "Любой",
                "Любая",
                "8-10 рабочих дней",
                "2000",
                "Подготовка комплекта документов для самостоятельной подачи, без учета консульского и иных сборов"
            ]
        ],
        "id": 13
    },
    {
        "name": "Италия",
        "code": "italy",
        "background": "img/countries/italiya.jpg",
        "content": [
            [
                "Любой",
                "Любая",
                "7-10 рабочих дней",
                "2000",
                "Подготовка комплекта документов для самостоятельной подачи, без учета консульского и иных сборов"
            ]
        ],
        "id": 14
    },
    {
        "name": "Канада",
        "code": "",
        "background": "img/countries/kanada.jpg",
        "content": [
            [
                "До окончания действия загран паспорта",
                "По приглашению",
                "7-14 рабочих дней",
                "12000",
                "Без личного присутствия, при одобрении визы отдельно оплачиваются услуги курьера по заносу и доставки паспорта в консульство для вклеивания визы"
            ],
            [
                "До окончания действия загран паспорта",
                "Студенческая",
                "7-14 рабочих дней",
                "14500",
                "Без личного присутствия, при одобрении визы отдельно оплачиваются услуги курьера по заносу и доставки паспорта в консульство для вклеивания визы"
            ]
        ],
        "id": 15
    },
    {
        "name": "Кипр",
        "code": "",
        "background": "img/countries/kipr.jpg",
        "content": [
            [
                "90 дней",
                "Туризм, однократная. Электронная pro-виза",
                "1 день",
                "1500",
                "Включая все сборы, без личного присутствия"
            ]
        ],
        "id": 16
    },
    {
        "name": "Китай",
        "code": "kitaj",
        "background": "img/countries/kitaj.jpg",
        "content": [
            [
                "30 дней",
                "Однократная",
                "5-10 рабочих дней",
                "4800",
                "Включая все сборы, без личного присутствия"
            ],
            [
                "60 дней",
                "Двукратная",
                "5-10 рабочих дней",
                "6800",
                "Включая все сборы, без личного присутствия"
            ],
            [
                "6 месяцев",
                "Мультивиза",
                "5-10 рабочих дней",
                "14000",
                "Включая все сборы, без личного присутствия"
            ],
            [
                "На 1 год",
                "Мультивиза",
                "5-10 рабочих дней",
                "14000",
                "Включая все сборы, без личного присутствия"
            ],
            [
                "Любой",
                "Любая",
                "Срочная, 1-3 дня",
                "17100",
                "Включая все сборы, без личного присутствия"
            ]
        ],
        "id": 17
    },
    {
        "name": "Латвия",
        "code": "",
        "background": "img/countries/latvia.jpg",
        "content": [
            [
                "Любой",
                "Любая",
                "7-10 рабочих дней",
                "2000",
                "Подготовка комплекта документов для самостоятельной подачи, без учета консульского и иных сборов"
            ]
        ],
        "id": 18
    },
    {
        "name": "Литва",
        "code": "lithuania",
        "background": "img/countries/litva.jpg",
        "content": [
            [
                "Любой",
                "Любая",
                "7-10 рабочих дней",
                "2000",
                "Подготовка комплекта документов для самостоятельной подачи, без учета консульского и иных сборов"
            ]
        ],
        "id": 19
    },
    {
        "name": "Мальта",
        "code": "",
        "background": "img/countries/malta.jpg",
        "content": [
            [
                "Любой",
                "Любая",
                "7-10 рабочих дней",
                "2000",
                "Подготовка комплекта документов для самостоятельной подачи, без учета консульского и иных сборов"
            ]
        ],
        "id": 20
    },
    {
        "name": "Мексика",
        "code": "",
        "background": "img/countries/meksika.jpg",
        "content": [
            [
                "До 30 дней",
                "туристическая, однократная",
                "1 рабочий день",
                "1500",
                "Включая все сборы, без личного присутствия"
            ],
            [
                "Свыше 30 дней",
                "",
                "",
                "по запросу",
                ""
            ]
        ],
        "id": 21
    },
    {
        "name": "Нидерланды",
        "code": "",
        "background": "img/countries/niderlandy.jpg",
        "content": [
            [
                "Любой",
                "Любая",
                "7-10 рабочих дней",
                "2000",
                "Подготовка комплекта документов для самостоятельной подачи, без учета консульского и иных сборов"
            ]
        ],
        "id": 22
    },
    {
        "name": "Новая Зеландия",
        "code": "",
        "background": "img/countries/novaya_zelandiya.jpg",
        "content": [
            [
                "От 30 дней до 6 месяцев",
                "Однократная туристическая/гостевая",
                "14-30 рабочих дней",
                "5000",
                "Включая все сборы, без личного присутствия"
            ],
            [
                "до 12 месяцев",
                "Учеба/Лечение/Посещение близких родственников",
                "14-30 рабочих дней",
                "5000",
                "Включая все сборы, без личного присутствия"
            ]
        ],
        "id": 23
    },
    {
        "name": "Норвегия",
        "code": "",
        "background": "img/countries/norvegiya.jpg",
        "content": [
            [
                "Любой",
                "Любая",
                "7-10 рабочих дней",
                "2000",
                "Подготовка комплекта документов для самостоятельной подачи, без учета консульского и иных сборов"
            ]
        ],
        "id": 24
    },
    {
        "name": "ОАЭ",
        "code": "",
        "background": "img/countries/oae.jpg",
        "content": [
            [
                "29 дней",
                "Однокранная",
                "7 дней",
                "9000",
                "Включая все сборы, без личного присутствия"
            ],
            [
                "29 дней",
                "Однократная, срочная",
                "До 4-5 рабочих дней",
                "11000",
                "Включая все сборы, без личного присутствия"
            ],
            [
                "96 часов (въезд в течение двух месяцев с момента одобрения)",
                "Транзитная",
                "7 дней",
                "6500",
                "Включая все сборы, без личного присутствия"
            ]
        ],
        "id": 25
    },
    {
        "name": "Польша",
        "code": "",
        "background": "img/countries/polsha.jpg",
        "content": [
            [
                "Любой",
                "Любая",
                "7-10 рабочих дней",
                "2000",
                "Подготовка комплекта документов для самостоятельной подачи, без учета консульского и иных сборов"
            ]
        ],
        "id": 26
    },
    {
        "name": "Португалия",
        "code": "",
        "background": "img/countries/portugaliya.jpg",
        "content": [
            [
                "Любой",
                "Любая",
                "7-10 рабочих дней",
                "2000",
                "Подготовка комплекта документов для самостоятельной подачи, без учета консульского и иных сборов"
            ]
        ],
        "id": 27
    },
    {
        "name": "Румыния",
        "code": "",
        "background": "img/countries/ruminiya.jpg",
        "content": [
            [
                "По датам поездки",
                "Однократная туристическая",
                "10 рабочих дней",
                "7000",
                "Включая все сборы, без личного присутствия"
            ],
            [
                "По датам поездки",
                "Однократная туристическая",
                "от 3 рабочих дней",
                "9700",
                "Включая все сборы, без личного присутствия"
            ]
        ],
        "id": 28
    },
    {
        "name": "Сингапур",
        "code": "singapur",
        "background": "img/countries/singapur.jpg",
        "content": [
            [
                "До 30 дней",
                "Однократная",
                "5-10 рабочих дней",
                "4200",
                "Включая все сборы, без личного присутствия"
            ]
        ],
        "id": 29
    },
    {
        "name": "Словакия",
        "code": "",
        "background": "img/countries/slovakiya.jpg",
        "content": [
            [
                "Любой",
                "Любая",
                "7-10 рабочих дней",
                "2000",
                "Подготовка комплекта документов для самостоятельной подачи, без учета консульского и иных сборов"
            ]
        ],
        "id": 30
    },
    {
        "name": "Словения",
        "code": "",
        "background": "img/countries/slovenia.jpg",
        "content": [
            [
                "Любой",
                "Любая",
                "7-10 рабочих дней",
                "2000",
                "Подготовка комплекта документов для самостоятельной подачи, без учета консульского и иных сборов"
            ]
        ],
        "id": 31
    },
    {
        "name": "США",
        "code": "usa",
        "background": "img/countries/usa.jpg",
        "content": [
            [
                "3 года",
                "Туризм, частная бизнес",
                "3-4 рабочих дня",
                "13500",
                "Включая консульский сбор 160$"
            ]
        ],
        "id": 32
    },
    {
        "name": "Тайвань",
        "code": "",
        "background": "img/countries/taivan.jpg",
        "content": [
            [
                "14/30/60/90 дней",
                "Однократная",
                "от 5 рабочих дней",
                "5700",
                "Включая все сборы, без личного присутствия"
            ],
            [
                "14/30/60/90 дней",
                "Однократная срочная",
                "от 2 рабочих дней",
                "7500",
                "Включая все сборы, без личного присутствия"
            ],
            [
                "Не более 180 дней",
                "Мультивиза",
                "от 5 рабочих дней",
                "9500",
                "Включая все сборы, без личного присутствия"
            ],
            [
                "Не более 180 дней",
                "Мультивиза срочная",
                "от 2 рабочих дней",
                "12300",
                "Включая все сборы, без личного присутствия"
            ]
        ],
        "id": 33
    },
    {
        "name": "Таиланд",
        "code": "thailand",
        "background": "img/countries/tajland.jpg",
        "content": [
            [
                "3 месяца",
                "Туризм, однократная",
                "3-4 рабочих дня",
                "5800",
                "Включая все сборы, без личного присутствия"
            ],
            [
                "6 месяцев",
                "Туризм, двукратная",
                "3-4 рабочих дня",
                "8400",
                "Включая все сборы, без личного присутствия"
            ]
        ],
        "id": 34
    },
    {
        "name": "Туркменистан",
        "code": "",
        "background": "img/countries/turkmenistan.jpg",
        "content": [
            [
                "Любой",
                "Любая",
                "7-10 рабочих дней",
                "2000",
                "Подготовка комплекта документов для самостоятельной подачи, без учета консульского и иных сборов"
            ]
        ],
        "id": 35
    },
    {
        "name": "Финляндия",
        "code": "finland",
        "background": "img/countries/finlyandiya.jpg",
        "content": [
            [
                "Любой",
                "Любая",
                "7-10 рабочих дней",
                "2000",
                "Подготовка комплекта документов для самостоятельной подачи, без учета консульского и иных сборов"
            ]
        ],
        "id": 36
    },
    {
        "name": "Франция",
        "code": "franciya",
        "background": "img/countries/franciya.jpg",
        "content": [
            [
                "Любой",
                "Любая",
                "7-10 рабочих дней",
                "2000",
                "Подготовка комплекта документов для самостоятельной подачи, без учета консульского и иных сборов"
            ]
        ],
        "id": 37
    },
    {
        "name": "Хорватия",
        "code": "",
        "background": "img/countries/horvatiya.jpg",
        "content": [
            [
                "Любой",
                "Любая",
                "7-10 рабочих дней",
                "2000",
                "Подготовка комплекта документов для самостоятельной подачи, без учета консульского и иных сборов"
            ],
            [
                "До 21 дня",
                "Туризм, однократная",
                "7-10 рабочих дней",
                "8000",
                "Включая все сборы, без личного присутствия"
            ]
        ],
        "id": 38
    },
    {
        "name": "Чехия",
        "code": "czechrepublic",
        "background": "img/countries/chehiya.jpg",
        "content": [
            [
                "Любой",
                "Любая",
                "7-10 рабочих дней",
                "2000",
                "Подготовка комплекта документов для самостоятельной подачи, без учета консульского и иных сборов"
            ]
        ],
        "id": 39
    },
    {
        "name": "Швейцария",
        "code": "",
        "background": "img/countries/shvejtsariya.jpg",
        "content": [
            [
                "Любой",
                "Любая",
                "7-10 рабочих дней",
                "2000",
                "Подготовка комплекта документов для самостоятельной подачи, без учета консульского и иных сборов"
            ]
        ],
        "id": 40
    },
    {
        "name": "Швеция",
        "code": "shveciya",
        "background": "img/countries/shveciay.jpg",
        "content": [
            [
                "Любой",
                "Любая",
                "7-10 рабочих дней",
                "2000",
                "Подготовка комплекта документов для самостоятельной подачи, без учета консульского и иных сборов"
            ]
        ],
        "id": 41
    },
    {
        "name": "Шри-Ланка",
        "code": "",
        "background": "img/countries/shri-lanka.jpg",
        "content": [
            [
                "30 дней (коридор 3 месяца)",
                "Туризм, однократная.",
                "от 2 рабочих дней",
                "3700",
                "Включая все сборы, без личного присутствия"
            ]
        ],
        "id": 42
    },
    {
        "name": "Эстония",
        "code": "",
        "background": "img/countries/estoniya.jpg",
        "content": [
            [
                "Любой",
                "Любая",
                "7-10 рабочих дней",
                "2000",
                "Подготовка комплекта документов для самостоятельной подачи, без учета консульского и иных сборов"
            ]
        ],
        "id": 43
    },
    {
        "name": "Япония",
        "code": "yaponiya",
        "background": "img/countries/yaponiya.jpg",
        "content": [
            [
                "15 дней",
                "Приглашение, однократная",
                "14 рабочих дней",
                "4000",
                "Включая все сборы, без личного присутствия, при наличии приглашения"
            ],
            [
                "15 дней",
                "туризм, однократная",
                "14 рабочих дней",
                "10000",
                "Включая все сборы, без личного присутствия, без приглашения"
            ]
        ],
        "id": 44
    }
]